_unit_id,_created_at,_golden,_id,_missed,_started_at,_tainted,_channel,_trust,_country,_region,_city,rating,what_is_the_rationale_for_your_choice,orig__golden,friendly,friendlyshow,id,orig,rating_gold,rating_gold_reason,uri
847814385,12/21/2015 23:50:27,False,1838072601,,12/21/2015 23:49:01,False,neodev,0.8333,GBR,G5,Folkestone,no_influence,no idea,,PortSettlementsInTheUnitedStates,Port Settlements In The United States,7,city_uri_type_http://dbpedia.org/class/yago/PortSettlementsInTheUnitedStates,,,https://en.wikipedia.org/wiki/Category:Port_settlements_in_the_United_States
847814385,12/22/2015 06:21:40,False,1838348275,,12/22/2015 06:20:11,False,neodev,1.0,USA,AZ,Scottsdale,high_weak_influence,,,PortSettlementsInTheUnitedStates,Port Settlements In The United States,7,city_uri_type_http://dbpedia.org/class/yago/PortSettlementsInTheUnitedStates,,,https://en.wikipedia.org/wiki/Category:Port_settlements_in_the_United_States
847814385,12/22/2015 06:45:08,False,1838354479,,12/22/2015 06:40:34,False,prodege,1.0,USA,CA,Los Angeles,no_influence,it's impossible to tell the quality of living just by the fact that the city is a port settlement,,PortSettlementsInTheUnitedStates,Port Settlements In The United States,7,city_uri_type_http://dbpedia.org/class/yago/PortSettlementsInTheUnitedStates,,,https://en.wikipedia.org/wiki/Category:Port_settlements_in_the_United_States
847814385,12/22/2015 21:50:30,False,1838824928,,12/22/2015 21:23:04,False,prodege,1.0,GBR,G5,Tunbridge Wells,no_influence,"There are a wide variety of Port Settlements in the United States, some have great quality of living, whilst others do not, the fact that they are a Port Settlement does not provide enough information to rate the quality of living, since some of these cities are in decline and some are thriving.",,PortSettlementsInTheUnitedStates,Port Settlements In The United States,7,city_uri_type_http://dbpedia.org/class/yago/PortSettlementsInTheUnitedStates,,,https://en.wikipedia.org/wiki/Category:Port_settlements_in_the_United_States
847814385,12/23/2015 17:51:58,False,1839445737,,12/23/2015 17:42:22,False,prodege,0.8333,GBR,,,high_weak_influence,"Port settlements support jobs which is good for the economy, but these jobs may also be polluting (modes of transit) or ugly (warehouses)",,PortSettlementsInTheUnitedStates,Port Settlements In The United States,7,city_uri_type_http://dbpedia.org/class/yago/PortSettlementsInTheUnitedStates,,,https://en.wikipedia.org/wiki/Category:Port_settlements_in_the_United_States
847814386,12/19/2015 05:02:47,False,1836297832,,12/19/2015 05:00:59,False,points2shop,0.8333,GBR,P6,Hassocks,no_influence,,,PlannedCitiesInPakistan,Planned Cities In Pakistan,43,city_uri_type_http://dbpedia.org/class/yago/PlannedCitiesInPakistan,,,https://en.wikipedia.org/wiki/Category:Planned_cities_in_Pakistan
847814386,12/19/2015 13:41:28,False,1836530055,,12/19/2015 13:40:23,False,inboxpounds,1.0,GBR,B7,Bristol,no_influence,Location is not enough data to assess impact on quality of living,,PlannedCitiesInPakistan,Planned Cities In Pakistan,43,city_uri_type_http://dbpedia.org/class/yago/PlannedCitiesInPakistan,,,https://en.wikipedia.org/wiki/Category:Planned_cities_in_Pakistan
847814386,12/20/2015 03:40:13,False,1836799065,,12/20/2015 03:37:51,False,prodege,1.0,GBR,E2,Forest Row,no_influence,,,PlannedCitiesInPakistan,Planned Cities In Pakistan,43,city_uri_type_http://dbpedia.org/class/yago/PlannedCitiesInPakistan,,,https://en.wikipedia.org/wiki/Category:Planned_cities_in_Pakistan
847814386,12/20/2015 06:39:35,False,1836848616,,12/20/2015 06:36:57,False,prodege,1.0,USA,CA,San Diego,high_weak_influence,Planned cities are more structured,,PlannedCitiesInPakistan,Planned Cities In Pakistan,43,city_uri_type_http://dbpedia.org/class/yago/PlannedCitiesInPakistan,,,https://en.wikipedia.org/wiki/Category:Planned_cities_in_Pakistan
847814386,12/20/2015 17:29:06,False,1837193488,,12/20/2015 17:22:50,False,inboxpounds,0.8333,GBR,K7,Reading,high_weak_influence,A new city would be difficult to judge the quality of life - but a new place may be high,,PlannedCitiesInPakistan,Planned Cities In Pakistan,43,city_uri_type_http://dbpedia.org/class/yago/PlannedCitiesInPakistan,,,https://en.wikipedia.org/wiki/Category:Planned_cities_in_Pakistan
847814387,12/20/2015 19:22:33,False,1837229093,,12/20/2015 19:10:52,False,prodege,1.0,GBR,,,no_influence,Not relevant to quality of life.,,CountySeatsInPennsylvania,County Seats In Pennsylvania,84,city_uri_type_http://dbpedia.org/class/yago/CountySeatsInPennsylvania,,,https://en.wikipedia.org/wiki/Category:County_seats_in_Pennsylvania
847814387,12/21/2015 08:05:10,False,1837516021,,12/21/2015 08:02:46,False,elite,1.0,USA,NY,Rochester,no_influence,,,CountySeatsInPennsylvania,County Seats In Pennsylvania,84,city_uri_type_http://dbpedia.org/class/yago/CountySeatsInPennsylvania,,,https://en.wikipedia.org/wiki/Category:County_seats_in_Pennsylvania
847814387,12/21/2015 08:25:16,False,1837533711,,12/21/2015 08:21:55,False,prodege,0.8333,CAN,AB,Calgary,no_influence,I don't have enough knowledge of Pennsylvania,,CountySeatsInPennsylvania,County Seats In Pennsylvania,84,city_uri_type_http://dbpedia.org/class/yago/CountySeatsInPennsylvania,,,https://en.wikipedia.org/wiki/Category:County_seats_in_Pennsylvania
847814387,12/21/2015 13:16:33,False,1837720620,,12/21/2015 13:13:31,False,elite,1.0,USA,NY,Rochester,no_influence,,,CountySeatsInPennsylvania,County Seats In Pennsylvania,84,city_uri_type_http://dbpedia.org/class/yago/CountySeatsInPennsylvania,,,https://en.wikipedia.org/wiki/Category:County_seats_in_Pennsylvania
847814387,12/21/2015 14:10:35,False,1837737271,,12/21/2015 14:06:16,False,prodege,1.0,USA,TX,Houston,high_weak_influence,Pennsylvania seems like a nice place to live.,,CountySeatsInPennsylvania,County Seats In Pennsylvania,84,city_uri_type_http://dbpedia.org/class/yago/CountySeatsInPennsylvania,,,https://en.wikipedia.org/wiki/Category:County_seats_in_Pennsylvania
847814388,12/19/2015 05:02:47,False,1836297836,,12/19/2015 05:00:59,False,points2shop,0.8333,GBR,P6,Hassocks,Low (weak influence),,,ProvincialCapitalsInMozambique,Provincial Capitals In Mozambique,91,city_uri_type_http://dbpedia.org/class/yago/ProvincialCapitalsInMozambique,,,https://en.wikipedia.org/wiki/Category:Provincial_capitals_in_Mozambique
847814388,12/19/2015 13:41:28,False,1836530051,,12/19/2015 13:40:23,False,inboxpounds,1.0,GBR,B7,Bristol,no_influence,Location is not enough data to assess impact on quality of living,,ProvincialCapitalsInMozambique,Provincial Capitals In Mozambique,91,city_uri_type_http://dbpedia.org/class/yago/ProvincialCapitalsInMozambique,,,https://en.wikipedia.org/wiki/Category:Provincial_capitals_in_Mozambique
847814388,12/20/2015 03:40:13,False,1836799066,,12/20/2015 03:37:51,False,prodege,1.0,GBR,E2,Forest Row,Low (weak influence),,,ProvincialCapitalsInMozambique,Provincial Capitals In Mozambique,91,city_uri_type_http://dbpedia.org/class/yago/ProvincialCapitalsInMozambique,,,https://en.wikipedia.org/wiki/Category:Provincial_capitals_in_Mozambique
847814388,12/20/2015 06:39:35,False,1836848615,,12/20/2015 06:36:57,False,prodege,1.0,USA,CA,San Diego,no_influence,No influence based on rules,,ProvincialCapitalsInMozambique,Provincial Capitals In Mozambique,91,city_uri_type_http://dbpedia.org/class/yago/ProvincialCapitalsInMozambique,,,https://en.wikipedia.org/wiki/Category:Provincial_capitals_in_Mozambique
847814388,12/20/2015 17:29:06,False,1837193489,,12/20/2015 17:22:50,False,inboxpounds,0.8333,GBR,K7,Reading,low_strong_influence,Living in Mozambique I would expect a low quality of life,,ProvincialCapitalsInMozambique,Provincial Capitals In Mozambique,91,city_uri_type_http://dbpedia.org/class/yago/ProvincialCapitalsInMozambique,,,https://en.wikipedia.org/wiki/Category:Provincial_capitals_in_Mozambique
847814389,12/16/2015 07:36:19,False,1833580785,,12/16/2015 07:33:25,False,neodev,1.0,USA,MA,Boston,no_influence,This category is a microcosm of Europe,,NUTS3StatisticalRegionsOfTheEuropeanUnion,NUTS3 Statistical Regions Of The European Union,101,city_uri_type_http://dbpedia.org/class/yago/NUTS3StatisticalRegionsOfTheEuropeanUnion,,,https://en.wikipedia.org/wiki/Category:NUTS_3_statistical_regions_of_the_European_Union
847814389,12/16/2015 08:52:48,False,1833653084,,12/16/2015 08:51:44,False,clixsense,1.0,CAN,QC,Montréal,no_influence,,,NUTS3StatisticalRegionsOfTheEuropeanUnion,NUTS3 Statistical Regions Of The European Union,101,city_uri_type_http://dbpedia.org/class/yago/NUTS3StatisticalRegionsOfTheEuropeanUnion,,,https://en.wikipedia.org/wiki/Category:NUTS_3_statistical_regions_of_the_European_Union
847814389,12/16/2015 09:59:26,False,1833724179,,12/16/2015 09:54:37,False,neodev,0.8333,CAN,ON,Toronto,no_influence,,,NUTS3StatisticalRegionsOfTheEuropeanUnion,NUTS3 Statistical Regions Of The European Union,101,city_uri_type_http://dbpedia.org/class/yago/NUTS3StatisticalRegionsOfTheEuropeanUnion,,,https://en.wikipedia.org/wiki/Category:NUTS_3_statistical_regions_of_the_European_Union
847814389,12/17/2015 01:30:06,False,1834156736,,12/17/2015 01:22:42,False,neodev,1.0,GBR,H5,Long Whatton,no_influence,"It is just Nomenclature, which has no effect on quality of life.",,NUTS3StatisticalRegionsOfTheEuropeanUnion,NUTS3 Statistical Regions Of The European Union,101,city_uri_type_http://dbpedia.org/class/yago/NUTS3StatisticalRegionsOfTheEuropeanUnion,,,https://en.wikipedia.org/wiki/Category:NUTS_3_statistical_regions_of_the_European_Union
847814389,12/18/2015 08:35:51,False,1835581849,,12/18/2015 08:33:30,False,neodev,0.8333,CAN,ON,Sudbury,no_influence,"Not sure, don't even understand the explanation of the link",,NUTS3StatisticalRegionsOfTheEuropeanUnion,NUTS3 Statistical Regions Of The European Union,101,city_uri_type_http://dbpedia.org/class/yago/NUTS3StatisticalRegionsOfTheEuropeanUnion,,,https://en.wikipedia.org/wiki/Category:NUTS_3_statistical_regions_of_the_European_Union
847814390,12/19/2015 05:02:47,False,1836297841,,12/19/2015 05:00:59,False,points2shop,0.8333,GBR,P6,Hassocks,high_weak_influence,,,CoastalCitiesInAustralia,Coastal Cities In Australia,141,city_uri_type_http://dbpedia.org/class/yago/CoastalCitiesInAustralia,,,https://en.wikipedia.org/wiki/Category:Coastal_cities_in_Australia
847814390,12/19/2015 13:41:28,False,1836530053,,12/19/2015 13:40:23,False,inboxpounds,1.0,GBR,B7,Bristol,no_influence,Location is not enough data to assess impact on quality of living,,CoastalCitiesInAustralia,Coastal Cities In Australia,141,city_uri_type_http://dbpedia.org/class/yago/CoastalCitiesInAustralia,,,https://en.wikipedia.org/wiki/Category:Coastal_cities_in_Australia
847814390,12/20/2015 03:40:13,False,1836799063,,12/20/2015 03:37:51,False,prodege,1.0,GBR,E2,Forest Row,high_weak_influence,,,CoastalCitiesInAustralia,Coastal Cities In Australia,141,city_uri_type_http://dbpedia.org/class/yago/CoastalCitiesInAustralia,,,https://en.wikipedia.org/wiki/Category:Coastal_cities_in_Australia
847814390,12/20/2015 06:39:35,False,1836848611,,12/20/2015 06:36:57,False,prodege,1.0,USA,CA,San Diego,high_weak_influence,Living by the beach is highly desirable,,CoastalCitiesInAustralia,Coastal Cities In Australia,141,city_uri_type_http://dbpedia.org/class/yago/CoastalCitiesInAustralia,,,https://en.wikipedia.org/wiki/Category:Coastal_cities_in_Australia
847814390,12/20/2015 17:29:06,False,1837193483,,12/20/2015 17:22:50,False,inboxpounds,0.8333,GBR,K7,Reading,high_strong_influence,living by the coast is what a lot of people want to do,,CoastalCitiesInAustralia,Coastal Cities In Australia,141,city_uri_type_http://dbpedia.org/class/yago/CoastalCitiesInAustralia,,,https://en.wikipedia.org/wiki/Category:Coastal_cities_in_Australia
847814391,12/15/2015 10:36:46,False,1832661236,,12/15/2015 10:33:13,False,neodev,1.0,GBR,E6,Cirencester,no_influence,Merely being part of a particular geographical region cannot denote a particular quality of living in a city.,,PortCitiesAndTownsOfTheNorthSea,Port Cities And Towns Of The North Sea,143,city_uri_type_http://dbpedia.org/class/yago/PortCitiesAndTownsOfTheNorthSea,,,https://en.wikipedia.org/wiki/Category:Port_cities_and_towns_of_the_North_Sea
847814391,12/15/2015 10:42:22,False,1832663721,,12/15/2015 10:39:57,False,elite,1.0,GBR,C8,Croydon,high_weak_influence,,,PortCitiesAndTownsOfTheNorthSea,Port Cities And Towns Of The North Sea,143,city_uri_type_http://dbpedia.org/class/yago/PortCitiesAndTownsOfTheNorthSea,,,https://en.wikipedia.org/wiki/Category:Port_cities_and_towns_of_the_North_Sea
847814391,12/15/2015 13:03:06,False,1832723995,,12/15/2015 12:57:36,False,neodev,1.0,GBR,I3,Chatham,high_strong_influence,,,PortCitiesAndTownsOfTheNorthSea,Port Cities And Towns Of The North Sea,143,city_uri_type_http://dbpedia.org/class/yago/PortCitiesAndTownsOfTheNorthSea,,,https://en.wikipedia.org/wiki/Category:Port_cities_and_towns_of_the_North_Sea
847814391,12/15/2015 16:31:50,False,1832854723,,12/15/2015 16:27:21,False,tremorgames,1.0,CAN,ON,Mississauga,no_influence,Condition has little/nothing to do with quality of life.,,PortCitiesAndTownsOfTheNorthSea,Port Cities And Towns Of The North Sea,143,city_uri_type_http://dbpedia.org/class/yago/PortCitiesAndTownsOfTheNorthSea,,,https://en.wikipedia.org/wiki/Category:Port_cities_and_towns_of_the_North_Sea
847814391,12/15/2015 17:51:51,False,1832970070,,12/15/2015 17:43:14,False,clixsense,1.0,USA,MA,Taunton,no_influence,"There are pluses and minuses to these cities quality of life.  These cities are heavily populated, but there is work for people living there.",,PortCitiesAndTownsOfTheNorthSea,Port Cities And Towns Of The North Sea,143,city_uri_type_http://dbpedia.org/class/yago/PortCitiesAndTownsOfTheNorthSea,,,https://en.wikipedia.org/wiki/Category:Port_cities_and_towns_of_the_North_Sea
847814392,12/15/2015 20:44:37,False,1833177363,,12/15/2015 20:43:48,False,neodev,1.0,CAN,BC,Vancouver,high_weak_influence,it is safe,,CitiesInSwitzerland,Cities In Switzerland,166,city_uri_type_http://dbpedia.org/class/yago/CitiesInSwitzerland,,,https://en.wikipedia.org/wiki/Category:Cities_in_Switzerland
847814392,12/15/2015 23:36:43,False,1833327942,,12/15/2015 23:35:46,False,instagc,1.0,USA,WV,Martinsburg,no_influence,No influence,,CitiesInSwitzerland,Cities In Switzerland,166,city_uri_type_http://dbpedia.org/class/yago/CitiesInSwitzerland,,,https://en.wikipedia.org/wiki/Category:Cities_in_Switzerland
847814392,12/16/2015 03:52:33,False,1833475618,,12/16/2015 03:50:34,False,bitcoinget,1.0,CAN,ON,Toronto,high_weak_influence,The whole country has a high standard of living,,CitiesInSwitzerland,Cities In Switzerland,166,city_uri_type_http://dbpedia.org/class/yago/CitiesInSwitzerland,,,https://en.wikipedia.org/wiki/Category:Cities_in_Switzerland
847814392,12/16/2015 04:04:51,False,1833479738,,12/16/2015 03:33:35,False,clixsense,1.0,GBR,,,high_strong_influence,"Switzerland has a high quality of life, the cities especially so.",,CitiesInSwitzerland,Cities In Switzerland,166,city_uri_type_http://dbpedia.org/class/yago/CitiesInSwitzerland,,,https://en.wikipedia.org/wiki/Category:Cities_in_Switzerland
847814392,12/16/2015 05:08:56,False,1833502297,,12/16/2015 05:04:13,False,prodege,1.0,CAN,AB,Edmonton,high_weak_influence,Switzerland  has a generally good quality of life.,,CitiesInSwitzerland,Cities In Switzerland,166,city_uri_type_http://dbpedia.org/class/yago/CitiesInSwitzerland,,,https://en.wikipedia.org/wiki/Category:Cities_in_Switzerland
847814393,12/21/2015 23:50:27,False,1838072604,,12/21/2015 23:49:01,False,neodev,0.8333,GBR,G5,Folkestone,no_influence,no idea,,RegionalCapitalsInSenegal,Regional Capitals In Senegal,185,city_uri_type_http://dbpedia.org/class/yago/RegionalCapitalsInSenegal,,,https://en.wikipedia.org/wiki/Category:Regional_capitals_in_Senegal
847814393,12/22/2015 06:21:40,False,1838348276,,12/22/2015 06:20:11,False,neodev,1.0,USA,AZ,Scottsdale,low_strong_influence,,,RegionalCapitalsInSenegal,Regional Capitals In Senegal,185,city_uri_type_http://dbpedia.org/class/yago/RegionalCapitalsInSenegal,,,https://en.wikipedia.org/wiki/Category:Regional_capitals_in_Senegal
847814393,12/22/2015 06:45:08,False,1838354475,,12/22/2015 06:40:34,False,prodege,1.0,USA,CA,Los Angeles,high_weak_influence,capitals are usually well maintained and are nice because it is the image of the area and it is more likely that there is more money being put towards it,,RegionalCapitalsInSenegal,Regional Capitals In Senegal,185,city_uri_type_http://dbpedia.org/class/yago/RegionalCapitalsInSenegal,,,https://en.wikipedia.org/wiki/Category:Regional_capitals_in_Senegal
847814393,12/22/2015 21:50:30,False,1838824931,,12/22/2015 21:23:04,False,prodege,1.0,GBR,G5,Tunbridge Wells,no_influence,"The fact that a city is in Senegal indicates that it will not be particularly wealthy, that their will be a high birth rate, inadequate education and a general lack of facilities due to the financial difficulties faced by this country. However, theses cities offer varying quality of life for their inhabitants and this condition on it's own is insufficient to influence opinion about the quality of life in the regional capital cities in Senegal.",,RegionalCapitalsInSenegal,Regional Capitals In Senegal,185,city_uri_type_http://dbpedia.org/class/yago/RegionalCapitalsInSenegal,,,https://en.wikipedia.org/wiki/Category:Regional_capitals_in_Senegal
847814393,12/23/2015 17:51:58,False,1839445739,,12/23/2015 17:42:22,False,prodege,0.8333,GBR,,,high_weak_influence,"Regional capitals will have jobs and services such as sewerage, public transport both of which contribute to a higher quality of life, but there may also be pollution and overcrowding which reduce it.",,RegionalCapitalsInSenegal,Regional Capitals In Senegal,185,city_uri_type_http://dbpedia.org/class/yago/RegionalCapitalsInSenegal,,,https://en.wikipedia.org/wiki/Category:Regional_capitals_in_Senegal
847814394,12/20/2015 19:22:33,False,1837229100,,12/20/2015 19:10:52,False,prodege,1.0,GBR,,,no_influence,Not relevant to quality of life.,,CantonalCapitalsOfSwitzerland,Cantonal Capitals Of Switzerland,198,city_uri_type_http://dbpedia.org/class/yago/CantonalCapitalsOfSwitzerland,,,https://en.wikipedia.org/wiki/Category:Cantonal_capitals_of_Switzerland
847814394,12/21/2015 08:05:10,False,1837516020,,12/21/2015 08:02:46,False,elite,1.0,USA,NY,Rochester,no_influence,,,CantonalCapitalsOfSwitzerland,Cantonal Capitals Of Switzerland,198,city_uri_type_http://dbpedia.org/class/yago/CantonalCapitalsOfSwitzerland,,,https://en.wikipedia.org/wiki/Category:Cantonal_capitals_of_Switzerland
847814394,12/21/2015 08:25:16,False,1837533706,,12/21/2015 08:21:55,False,prodege,0.8333,CAN,AB,Calgary,high_strong_influence,Swiss cantonal capitals are rich and cultural,,CantonalCapitalsOfSwitzerland,Cantonal Capitals Of Switzerland,198,city_uri_type_http://dbpedia.org/class/yago/CantonalCapitalsOfSwitzerland,,,https://en.wikipedia.org/wiki/Category:Cantonal_capitals_of_Switzerland
847814394,12/21/2015 13:16:33,False,1837720619,,12/21/2015 13:13:31,False,elite,1.0,USA,NY,Rochester,no_influence,,,CantonalCapitalsOfSwitzerland,Cantonal Capitals Of Switzerland,198,city_uri_type_http://dbpedia.org/class/yago/CantonalCapitalsOfSwitzerland,,,https://en.wikipedia.org/wiki/Category:Cantonal_capitals_of_Switzerland
847814394,12/21/2015 14:10:35,False,1837737273,,12/21/2015 14:06:16,False,prodege,1.0,USA,TX,Houston,high_weak_influence,Switzerland seems like a nice place to live.,,CantonalCapitalsOfSwitzerland,Cantonal Capitals Of Switzerland,198,city_uri_type_http://dbpedia.org/class/yago/CantonalCapitalsOfSwitzerland,,,https://en.wikipedia.org/wiki/Category:Cantonal_capitals_of_Switzerland
847814395,12/15/2015 10:36:46,False,1832661230,,12/15/2015 10:33:13,False,neodev,1.0,GBR,E6,Cirencester,no_influence,Merely being part of a particular geographical region cannot denote a particular quality of living in a city.,,CitiesInCentralAsia,Cities In Central Asia,210,city_uri_type_http://dbpedia.org/class/yago/CitiesInCentralAsia,,,https://en.wikipedia.org/wiki/Category:Cities_in_Central_Asia
847814395,12/15/2015 10:42:22,False,1832663715,,12/15/2015 10:39:57,False,elite,1.0,GBR,C8,Croydon,Low (weak influence),,,CitiesInCentralAsia,Cities In Central Asia,210,city_uri_type_http://dbpedia.org/class/yago/CitiesInCentralAsia,,,https://en.wikipedia.org/wiki/Category:Cities_in_Central_Asia
847814395,12/15/2015 13:03:06,False,1832723992,,12/15/2015 12:57:36,False,neodev,1.0,GBR,I3,Chatham,high_weak_influence,,,CitiesInCentralAsia,Cities In Central Asia,210,city_uri_type_http://dbpedia.org/class/yago/CitiesInCentralAsia,,,https://en.wikipedia.org/wiki/Category:Cities_in_Central_Asia
847814395,12/15/2015 16:31:50,False,1832854721,,12/15/2015 16:27:21,False,tremorgames,1.0,CAN,ON,Mississauga,Low (weak influence),Countries in Central Asia are generally less developed than western countries. Thus there is a lower quality of life.,,CitiesInCentralAsia,Cities In Central Asia,210,city_uri_type_http://dbpedia.org/class/yago/CitiesInCentralAsia,,,https://en.wikipedia.org/wiki/Category:Cities_in_Central_Asia
847814395,12/15/2015 17:51:51,False,1832970069,,12/15/2015 17:43:14,False,clixsense,1.0,USA,MA,Taunton,no_influence,It would depend on the individual city whether the quality of life is good or bad.,,CitiesInCentralAsia,Cities In Central Asia,210,city_uri_type_http://dbpedia.org/class/yago/CitiesInCentralAsia,,,https://en.wikipedia.org/wiki/Category:Cities_in_Central_Asia
847814396,12/16/2015 07:36:19,False,1833580788,,12/16/2015 07:33:25,False,neodev,1.0,USA,MA,Boston,high_weak_influence,Venerable cities are often beautiful and protected,,PopulatedPlacesEstablishedInThe1stMillenniumBC,Populated Places Established In The 1st Millennium BC,225,city_uri_type_http://dbpedia.org/class/yago/PopulatedPlacesEstablishedInThe1stMillenniumBC,,,https://en.wikipedia.org/wiki/Category:Populated_places_established_in_the_1st_millennium_BC
847814396,12/16/2015 08:52:48,False,1833653086,,12/16/2015 08:51:44,False,clixsense,1.0,CAN,QC,Montréal,no_influence,,,PopulatedPlacesEstablishedInThe1stMillenniumBC,Populated Places Established In The 1st Millennium BC,225,city_uri_type_http://dbpedia.org/class/yago/PopulatedPlacesEstablishedInThe1stMillenniumBC,,,https://en.wikipedia.org/wiki/Category:Populated_places_established_in_the_1st_millennium_BC
847814396,12/16/2015 09:59:26,False,1833724181,,12/16/2015 09:54:37,False,neodev,0.8333,CAN,ON,Toronto,no_influence,,,PopulatedPlacesEstablishedInThe1stMillenniumBC,Populated Places Established In The 1st Millennium BC,225,city_uri_type_http://dbpedia.org/class/yago/PopulatedPlacesEstablishedInThe1stMillenniumBC,,,https://en.wikipedia.org/wiki/Category:Populated_places_established_in_the_1st_millennium_BC
847814396,12/17/2015 01:30:06,False,1834156747,,12/17/2015 01:22:42,False,neodev,1.0,GBR,H5,Long Whatton,no_influence,"Cities are now modernized,  a city built back then will have no effect nowadays.",,PopulatedPlacesEstablishedInThe1stMillenniumBC,Populated Places Established In The 1st Millennium BC,225,city_uri_type_http://dbpedia.org/class/yago/PopulatedPlacesEstablishedInThe1stMillenniumBC,,,https://en.wikipedia.org/wiki/Category:Populated_places_established_in_the_1st_millennium_BC
847814396,12/18/2015 08:35:51,False,1835581852,,12/18/2015 08:33:30,False,neodev,0.8333,CAN,ON,Sudbury,Low (weak influence),populated is always good,,PopulatedPlacesEstablishedInThe1stMillenniumBC,Populated Places Established In The 1st Millennium BC,225,city_uri_type_http://dbpedia.org/class/yago/PopulatedPlacesEstablishedInThe1stMillenniumBC,,,https://en.wikipedia.org/wiki/Category:Populated_places_established_in_the_1st_millennium_BC
847814397,12/21/2015 14:52:43,False,1837754260,,12/21/2015 14:34:09,False,elite,1.0,USA,NY,Rochester,no_influence,,,CapitalsInEurope,Capitals InEurope,312,city_uri_type_http://dbpedia.org/class/yago/CapitalsInEurope,,,https://en.wikipedia.org/wiki/Category:Capitals_in_Europe
847814397,12/21/2015 14:56:36,False,1837756186,,12/21/2015 14:51:54,False,tremorgames,1.0,USA,NC,Burlington,high_weak_influence,gg,,CapitalsInEurope,Capitals InEurope,312,city_uri_type_http://dbpedia.org/class/yago/CapitalsInEurope,,,https://en.wikipedia.org/wiki/Category:Capitals_in_Europe
847814397,12/21/2015 20:27:48,False,1837985432,,12/21/2015 20:26:13,False,elite,1.0,USA,NY,Rochester,no_influence,,,CapitalsInEurope,Capitals InEurope,312,city_uri_type_http://dbpedia.org/class/yago/CapitalsInEurope,,,https://en.wikipedia.org/wiki/Category:Capitals_in_Europe
847814397,12/21/2015 20:32:06,False,1837987357,,12/21/2015 20:08:39,False,prodege,1.0,GBR,,,high_weak_influence,Generally western cities have higher,,CapitalsInEurope,Capitals InEurope,312,city_uri_type_http://dbpedia.org/class/yago/CapitalsInEurope,,,https://en.wikipedia.org/wiki/Category:Capitals_in_Europe
847814397,12/21/2015 22:16:38,False,1838033877,,12/21/2015 22:12:48,False,instagc,1.0,GBR,Q3,Wolverhampton,high_weak_influence,"A capital city is more likely to have more jobs and housing, and more opportunities, and therefore a higher quality of life",,CapitalsInEurope,Capitals InEurope,312,city_uri_type_http://dbpedia.org/class/yago/CapitalsInEurope,,,https://en.wikipedia.org/wiki/Category:Capitals_in_Europe
847814398,12/23/2015 05:09:26,False,1839060685,,12/23/2015 05:05:54,False,prodege,0.8333,USA,IL,Gillespie,Low (weak influence),These cities are known to be crowded and somewhat polluted.,,MetropolitanCitiesInIndia,Metropolitan Cities In India,354,city_uri_type_http://dbpedia.org/class/yago/MetropolitanCitiesInIndia,,,https://en.wikipedia.org/wiki/Category:Metropolitan_cities_in_India
847814398,12/23/2015 20:50:50,False,1839698536,,12/23/2015 20:43:32,False,cotter,1.0,USA,WI,Madison,high_weak_influence,Must be higher in the sense that it's not in the desert,,MetropolitanCitiesInIndia,Metropolitan Cities In India,354,city_uri_type_http://dbpedia.org/class/yago/MetropolitanCitiesInIndia,,,https://en.wikipedia.org/wiki/Category:Metropolitan_cities_in_India
847814398,12/24/2015 13:48:21,False,1840745756,,12/24/2015 13:46:37,False,instagc,0.8333,USA,KY,Winchester,no_influence,no bearing,,MetropolitanCitiesInIndia,Metropolitan Cities In India,354,city_uri_type_http://dbpedia.org/class/yago/MetropolitanCitiesInIndia,,,https://en.wikipedia.org/wiki/Category:Metropolitan_cities_in_India
847814398,12/24/2015 15:41:59,False,1840787023,,12/24/2015 15:33:49,False,prodege,1.0,CAN,ON,Ottawa,high_strong_influence,"If someone is living in a more built-up city in India, they would likely have more access to various services and resources that would improve their quality of life, like closer to food, hospitals, housing, shopping, etc.",,MetropolitanCitiesInIndia,Metropolitan Cities In India,354,city_uri_type_http://dbpedia.org/class/yago/MetropolitanCitiesInIndia,,,https://en.wikipedia.org/wiki/Category:Metropolitan_cities_in_India
847814398,12/24/2015 23:45:40,False,1840934716,,12/24/2015 23:44:42,False,clixsense,1.0,GBR,I3,Rochester,high_weak_influence,,,MetropolitanCitiesInIndia,Metropolitan Cities In India,354,city_uri_type_http://dbpedia.org/class/yago/MetropolitanCitiesInIndia,,,https://en.wikipedia.org/wiki/Category:Metropolitan_cities_in_India
847814399,12/15/2015 20:44:37,False,1833177364,,12/15/2015 20:43:48,False,neodev,1.0,CAN,BC,Vancouver,no_influence,cannot tell,,PortCitiesInAfrica,Port Cities In Africa,413,city_uri_type_http://dbpedia.org/class/yago/PortCitiesInAfrica,,,https://en.wikipedia.org/wiki/Category:Port_cities_in_Africa
847814399,12/15/2015 23:36:43,False,1833327934,,12/15/2015 23:35:46,False,instagc,1.0,USA,WV,Martinsburg,high_weak_influence,"Ports mean commerce and jobs, wealth.",,PortCitiesInAfrica,Port Cities In Africa,413,city_uri_type_http://dbpedia.org/class/yago/PortCitiesInAfrica,,,https://en.wikipedia.org/wiki/Category:Port_cities_in_Africa
847814399,12/16/2015 03:52:33,False,1833475616,,12/16/2015 03:50:34,False,bitcoinget,1.0,CAN,ON,Toronto,no_influence,No way to know,,PortCitiesInAfrica,Port Cities In Africa,413,city_uri_type_http://dbpedia.org/class/yago/PortCitiesInAfrica,,,https://en.wikipedia.org/wiki/Category:Port_cities_in_Africa
847814399,12/16/2015 04:04:51,False,1833479734,,12/16/2015 03:33:35,False,clixsense,1.0,GBR,,,Low (weak influence),"Africa has many poor countries, trading cities, including ports, will tend to be relatively wealthier, so still a low quality of life, but not the lowest.",,PortCitiesInAfrica,Port Cities In Africa,413,city_uri_type_http://dbpedia.org/class/yago/PortCitiesInAfrica,,,https://en.wikipedia.org/wiki/Category:Port_cities_in_Africa
847814399,12/16/2015 05:08:56,False,1833502300,,12/16/2015 05:04:13,False,prodege,1.0,CAN,AB,Edmonton,Low (weak influence),Port city in africa.,,PortCitiesInAfrica,Port Cities In Africa,413,city_uri_type_http://dbpedia.org/class/yago/PortCitiesInAfrica,,,https://en.wikipedia.org/wiki/Category:Port_cities_in_Africa
847814400,12/15/2015 10:36:46,False,1832661235,,12/15/2015 10:33:13,False,neodev,1.0,GBR,E6,Cirencester,no_influence,Merely being part of a particular geographical region cannot denote a particular quality of living in a city.,,RegionsOfNiger,Regions Of Niger,423,city_uri_type_http://dbpedia.org/class/yago/RegionsOfNiger,,,https://en.wikipedia.org/wiki/Category:Regions_of_Niger
847814400,12/15/2015 10:42:22,False,1832663716,,12/15/2015 10:39:57,False,elite,1.0,GBR,C8,Croydon,Low (weak influence),,,RegionsOfNiger,Regions Of Niger,423,city_uri_type_http://dbpedia.org/class/yago/RegionsOfNiger,,,https://en.wikipedia.org/wiki/Category:Regions_of_Niger
847814400,12/15/2015 13:03:06,False,1832723993,,12/15/2015 12:57:36,False,neodev,1.0,GBR,I3,Chatham,low_strong_influence,,,RegionsOfNiger,Regions Of Niger,423,city_uri_type_http://dbpedia.org/class/yago/RegionsOfNiger,,,https://en.wikipedia.org/wiki/Category:Regions_of_Niger
847814400,12/15/2015 16:31:50,False,1832854722,,12/15/2015 16:27:21,False,tremorgames,1.0,CAN,ON,Mississauga,low_strong_influence,Niger is a third-world country which is the category for the least developed nations. Thus there is a low quality of living.,,RegionsOfNiger,Regions Of Niger,423,city_uri_type_http://dbpedia.org/class/yago/RegionsOfNiger,,,https://en.wikipedia.org/wiki/Category:Regions_of_Niger
847814400,12/15/2015 17:51:51,False,1832970078,,12/15/2015 17:43:14,False,clixsense,1.0,USA,MA,Taunton,no_influence,It would depend where in this area one lived.,,RegionsOfNiger,Regions Of Niger,423,city_uri_type_http://dbpedia.org/class/yago/RegionsOfNiger,,,https://en.wikipedia.org/wiki/Category:Regions_of_Niger
847814401,12/20/2015 19:22:33,False,1837229092,,12/20/2015 19:10:52,False,prodege,1.0,GBR,,,high_weak_influence,World heritage sites are often natural features and historical locations that are considered desirable places to be near.,,WorldHeritageSitesInSwitzerland,World Heritage Sites In Switzerland,432,city_uri_type_http://dbpedia.org/class/yago/WorldHeritageSitesInSwitzerland,,,https://en.wikipedia.org/wiki/Category:World_Heritage_Sites_in_Switzerland
847814401,12/21/2015 08:05:10,False,1837516022,,12/21/2015 08:02:46,False,elite,1.0,USA,NY,Rochester,no_influence,,,WorldHeritageSitesInSwitzerland,World Heritage Sites In Switzerland,432,city_uri_type_http://dbpedia.org/class/yago/WorldHeritageSitesInSwitzerland,,,https://en.wikipedia.org/wiki/Category:World_Heritage_Sites_in_Switzerland
847814401,12/21/2015 08:25:16,False,1837533709,,12/21/2015 08:21:55,False,prodege,0.8333,CAN,AB,Calgary,high_strong_influence,"Heritage sites are selected for their high natural and cultural values, so the city is probably the same",,WorldHeritageSitesInSwitzerland,World Heritage Sites In Switzerland,432,city_uri_type_http://dbpedia.org/class/yago/WorldHeritageSitesInSwitzerland,,,https://en.wikipedia.org/wiki/Category:World_Heritage_Sites_in_Switzerland
847814401,12/21/2015 13:16:33,False,1837720624,,12/21/2015 13:13:31,False,elite,1.0,USA,NY,Rochester,no_influence,,,WorldHeritageSitesInSwitzerland,World Heritage Sites In Switzerland,432,city_uri_type_http://dbpedia.org/class/yago/WorldHeritageSitesInSwitzerland,,,https://en.wikipedia.org/wiki/Category:World_Heritage_Sites_in_Switzerland
847814401,12/21/2015 14:10:35,False,1837737269,,12/21/2015 14:06:16,False,prodege,1.0,USA,TX,Houston,high_weak_influence,Switzerland seems like a nice place to live.,,WorldHeritageSitesInSwitzerland,World Heritage Sites In Switzerland,432,city_uri_type_http://dbpedia.org/class/yago/WorldHeritageSitesInSwitzerland,,,https://en.wikipedia.org/wiki/Category:World_Heritage_Sites_in_Switzerland
847814402,12/21/2015 14:52:43,False,1837754257,,12/21/2015 14:34:09,False,elite,1.0,USA,NY,Rochester,no_influence,,,CapitalDistrictsAndTerritories,Capital Districts And Territories,438,city_uri_type_http://dbpedia.org/class/yago/CapitalDistrictsAndTerritories,,,https://en.wikipedia.org/wiki/Category:Capital_districts_and_territories
847814402,12/21/2015 14:56:36,False,1837756187,,12/21/2015 14:51:54,False,tremorgames,1.0,USA,NC,Burlington,high_weak_influence,gg,,CapitalDistrictsAndTerritories,Capital Districts And Territories,438,city_uri_type_http://dbpedia.org/class/yago/CapitalDistrictsAndTerritories,,,https://en.wikipedia.org/wiki/Category:Capital_districts_and_territories
847814402,12/21/2015 20:27:48,False,1837985433,,12/21/2015 20:26:13,False,elite,1.0,USA,NY,Rochester,high_strong_influence,,,CapitalDistrictsAndTerritories,Capital Districts And Territories,438,city_uri_type_http://dbpedia.org/class/yago/CapitalDistrictsAndTerritories,,,https://en.wikipedia.org/wiki/Category:Capital_districts_and_territories
847814402,12/21/2015 20:32:06,False,1837987346,,12/21/2015 20:08:39,False,prodege,1.0,GBR,,,no_influence,Irrelevant,,CapitalDistrictsAndTerritories,Capital Districts And Territories,438,city_uri_type_http://dbpedia.org/class/yago/CapitalDistrictsAndTerritories,,,https://en.wikipedia.org/wiki/Category:Capital_districts_and_territories
847814402,12/21/2015 22:16:38,False,1838033880,,12/21/2015 22:12:48,False,instagc,1.0,GBR,Q3,Wolverhampton,high_weak_influence,"Usually capital cities are more likely to be better living qualities due to an amount of housing and jobs, although this is weak as there are health benefits to living in outskirt teritories",,CapitalDistrictsAndTerritories,Capital Districts And Territories,438,city_uri_type_http://dbpedia.org/class/yago/CapitalDistrictsAndTerritories,,,https://en.wikipedia.org/wiki/Category:Capital_districts_and_territories
847814403,12/25/2015 07:00:47,False,1841015435,,12/25/2015 06:53:48,False,clixsense,0.8333,USA,MA,West Newton,no_influence,"Metropolitan areas have some qualities that are likely to contribute to a higher quality of life (such as more and higher-paying jobs, better transportation, better education opportunities) and some qualities that are likely to contribute to a lower quality of life (pollution, crime, overcrowding, slums).",,MetropolitanAreasOfPakistan,Metropolitan Areas Of Pakistan,445,city_uri_type_http://dbpedia.org/class/yago/MetropolitanAreasOfPakistan,,,https://en.wikipedia.org/wiki/Category:Metropolitan_areas_of_Pakistan
847814403,12/25/2015 13:55:08,False,1841223815,,12/25/2015 13:51:52,False,neodev,1.0,CAN,QC,Laval,low_strong_influence,"Almost any place in the Muslim world will likely have low life quality (of course, there are exceptions).",,MetropolitanAreasOfPakistan,Metropolitan Areas Of Pakistan,445,city_uri_type_http://dbpedia.org/class/yago/MetropolitanAreasOfPakistan,,,https://en.wikipedia.org/wiki/Category:Metropolitan_areas_of_Pakistan
847814403,12/26/2015 03:17:31,False,1841545159,,12/26/2015 03:15:24,False,instagc,1.0,USA,NJ,North Bergen,no_influence,"Being in a metropolitan area doesn't do anything particular on its own. Being near a big city might mean more jobs and opportunities, but it also comes with the bad aspects, such as increased pollution and crime.",,MetropolitanAreasOfPakistan,Metropolitan Areas Of Pakistan,445,city_uri_type_http://dbpedia.org/class/yago/MetropolitanAreasOfPakistan,,,https://en.wikipedia.org/wiki/Category:Metropolitan_areas_of_Pakistan
847814403,12/26/2015 19:23:56,False,1841914986,,12/26/2015 19:23:03,False,instagc,1.0,USA,NY,Brooklyn,high_weak_influence,urban area,,MetropolitanAreasOfPakistan,Metropolitan Areas Of Pakistan,445,city_uri_type_http://dbpedia.org/class/yago/MetropolitanAreasOfPakistan,,,https://en.wikipedia.org/wiki/Category:Metropolitan_areas_of_Pakistan
847814403,12/28/2015 12:46:26,False,1842500353,,12/28/2015 12:44:50,False,clixsense,1.0,GBR,I7,Newcastle Upon Tyne,Low (weak influence),I dont want to live in pakistan,,MetropolitanAreasOfPakistan,Metropolitan Areas Of Pakistan,445,city_uri_type_http://dbpedia.org/class/yago/MetropolitanAreasOfPakistan,,,https://en.wikipedia.org/wiki/Category:Metropolitan_areas_of_Pakistan
847814404,12/19/2015 05:02:47,False,1836297837,,12/19/2015 05:00:59,False,points2shop,0.8333,GBR,P6,Hassocks,Low (weak influence),,,CapitalsInAfrica,Capitals In Africa,448,city_uri_type_http://dbpedia.org/class/yago/CapitalsInAfrica,,,https://en.wikipedia.org/wiki/Category:Capitals_in_Africa
847814404,12/19/2015 13:41:28,False,1836530049,,12/19/2015 13:40:23,False,inboxpounds,1.0,GBR,B7,Bristol,no_influence,Location is not enough data to assess impact on quality of living,,CapitalsInAfrica,Capitals In Africa,448,city_uri_type_http://dbpedia.org/class/yago/CapitalsInAfrica,,,https://en.wikipedia.org/wiki/Category:Capitals_in_Africa
847814404,12/20/2015 03:40:13,False,1836799064,,12/20/2015 03:37:51,False,prodege,1.0,GBR,E2,Forest Row,Low (weak influence),,,CapitalsInAfrica,Capitals In Africa,448,city_uri_type_http://dbpedia.org/class/yago/CapitalsInAfrica,,,https://en.wikipedia.org/wiki/Category:Capitals_in_Africa
847814404,12/20/2015 06:39:35,False,1836848610,,12/20/2015 06:36:57,False,prodege,1.0,USA,CA,San Diego,no_influence,Doesn't matter if you live in the capital,,CapitalsInAfrica,Capitals In Africa,448,city_uri_type_http://dbpedia.org/class/yago/CapitalsInAfrica,,,https://en.wikipedia.org/wiki/Category:Capitals_in_Africa
847814404,12/20/2015 17:29:06,False,1837193486,,12/20/2015 17:22:50,False,inboxpounds,0.8333,GBR,K7,Reading,low_strong_influence,"Given Africa is a rough continent I would suggest low quality of living, famine etc",,CapitalsInAfrica,Capitals In Africa,448,city_uri_type_http://dbpedia.org/class/yago/CapitalsInAfrica,,,https://en.wikipedia.org/wiki/Category:Capitals_in_Africa
847814405,12/23/2015 05:09:26,False,1839060690,,12/23/2015 05:05:54,False,prodege,0.8333,USA,IL,Gillespie,Low (weak influence),Not highly developed as western cities.,,CapitalsOfPakistan,Capitals Of Pakistan,450,city_uri_type_http://dbpedia.org/class/yago/CapitalsOfPakistan,,,https://en.wikipedia.org/wiki/Category:Capitals_of_Pakistan
847814405,12/23/2015 20:50:50,False,1839698545,,12/23/2015 20:43:32,False,cotter,1.0,USA,WI,Madison,high_weak_influence,Maybe a little more quality since the capitals are more well-known and vibrant.,,CapitalsOfPakistan,Capitals Of Pakistan,450,city_uri_type_http://dbpedia.org/class/yago/CapitalsOfPakistan,,,https://en.wikipedia.org/wiki/Category:Capitals_of_Pakistan
847814405,12/24/2015 13:48:21,False,1840745757,,12/24/2015 13:46:37,False,instagc,0.8333,USA,KY,Winchester,no_influence,i don't see how this would matter,,CapitalsOfPakistan,Capitals Of Pakistan,450,city_uri_type_http://dbpedia.org/class/yago/CapitalsOfPakistan,,,https://en.wikipedia.org/wiki/Category:Capitals_of_Pakistan
847814405,12/24/2015 15:41:59,False,1840787031,,12/24/2015 15:33:49,False,prodege,1.0,CAN,ON,Ottawa,high_strong_influence,"I think that if you live in a capital in Pakistan, your quality of life would be higher than if you lived in a rural area, because in capitals, you are closer to amenities.",,CapitalsOfPakistan,Capitals Of Pakistan,450,city_uri_type_http://dbpedia.org/class/yago/CapitalsOfPakistan,,,https://en.wikipedia.org/wiki/Category:Capitals_of_Pakistan
847814405,12/24/2015 23:45:40,False,1840934712,,12/24/2015 23:44:42,False,clixsense,1.0,GBR,I3,Rochester,low_strong_influence,,,CapitalsOfPakistan,Capitals Of Pakistan,450,city_uri_type_http://dbpedia.org/class/yago/CapitalsOfPakistan,,,https://en.wikipedia.org/wiki/Category:Capitals_of_Pakistan
847814406,12/23/2015 05:09:26,False,1839060688,,12/23/2015 05:05:54,False,prodege,0.8333,USA,IL,Gillespie,Low (weak influence),Varies from country to country the regulations for pollution and housing construction.,,CapitalsInAsia,Capitals In Asia,454,city_uri_type_http://dbpedia.org/class/yago/CapitalsInAsia,,,https://en.wikipedia.org/wiki/Category:Capitals_in_Asia
847814406,12/23/2015 20:50:50,False,1839698540,,12/23/2015 20:43:32,False,cotter,1.0,USA,WI,Madison,high_weak_influence,Maybe a little more quality since the capitals are more well-known and vibrant.,,CapitalsInAsia,Capitals In Asia,454,city_uri_type_http://dbpedia.org/class/yago/CapitalsInAsia,,,https://en.wikipedia.org/wiki/Category:Capitals_in_Asia
847814406,12/24/2015 13:48:21,False,1840745755,,12/24/2015 13:46:37,False,instagc,0.8333,USA,KY,Winchester,no_influence,has no bearing,,CapitalsInAsia,Capitals In Asia,454,city_uri_type_http://dbpedia.org/class/yago/CapitalsInAsia,,,https://en.wikipedia.org/wiki/Category:Capitals_in_Asia
847814406,12/24/2015 15:41:59,False,1840787025,,12/24/2015 15:33:49,False,prodege,1.0,CAN,ON,Ottawa,no_influence,"This is too broad of a spectrum. Asia is a large continent, and some countries have a lower quality of living and some have a higher one, so this general term could not be used to judge such a thing.",,CapitalsInAsia,Capitals In Asia,454,city_uri_type_http://dbpedia.org/class/yago/CapitalsInAsia,,,https://en.wikipedia.org/wiki/Category:Capitals_in_Asia
847814406,12/24/2015 23:45:40,False,1840934711,,12/24/2015 23:44:42,False,clixsense,1.0,GBR,I3,Rochester,high_weak_influence,,,CapitalsInAsia,Capitals In Asia,454,city_uri_type_http://dbpedia.org/class/yago/CapitalsInAsia,,,https://en.wikipedia.org/wiki/Category:Capitals_in_Asia
847814407,12/16/2015 07:36:19,False,1833580783,,12/16/2015 07:33:25,False,neodev,1.0,USA,MA,Boston,high_weak_influence,Mali seems to be a place to vacation,,RegionsOfMali,Regions Of Mali,469,city_uri_type_http://dbpedia.org/class/yago/RegionsOfMali,,,https://en.wikipedia.org/wiki/Category:Regions_of_Mali
847814407,12/16/2015 08:52:48,False,1833653081,,12/16/2015 08:51:44,False,clixsense,1.0,CAN,QC,Montréal,Low (weak influence),,,RegionsOfMali,Regions Of Mali,469,city_uri_type_http://dbpedia.org/class/yago/RegionsOfMali,,,https://en.wikipedia.org/wiki/Category:Regions_of_Mali
847814407,12/16/2015 09:59:26,False,1833724178,,12/16/2015 09:54:37,False,neodev,0.8333,CAN,ON,Toronto,high_weak_influence,,,RegionsOfMali,Regions Of Mali,469,city_uri_type_http://dbpedia.org/class/yago/RegionsOfMali,,,https://en.wikipedia.org/wiki/Category:Regions_of_Mali
847814407,12/17/2015 01:30:06,False,1834156745,,12/17/2015 01:22:42,False,neodev,1.0,GBR,H5,Long Whatton,Low (weak influence),"Mali is a poor country, so a city inside of it will also be poor, leading to low quality of life.",,RegionsOfMali,Regions Of Mali,469,city_uri_type_http://dbpedia.org/class/yago/RegionsOfMali,,,https://en.wikipedia.org/wiki/Category:Regions_of_Mali
847814407,12/18/2015 08:35:51,False,1835581856,,12/18/2015 08:33:30,False,neodev,0.8333,CAN,ON,Sudbury,Low (weak influence),Not the best living conditions,,RegionsOfMali,Regions Of Mali,469,city_uri_type_http://dbpedia.org/class/yago/RegionsOfMali,,,https://en.wikipedia.org/wiki/Category:Regions_of_Mali
847814408,12/20/2015 19:22:33,False,1837229089,,12/20/2015 19:10:52,False,prodege,1.0,GBR,,,no_influence,It is not relevant to quality of living of a city.,,VikingAgePopulatedPlaces,Viking Age Populated Places,511,city_uri_type_http://dbpedia.org/class/yago/VikingAgePopulatedPlaces,,,https://en.wikipedia.org/wiki/Category:Viking_Age_populated_places
847814408,12/21/2015 08:05:10,False,1837516019,,12/21/2015 08:02:46,False,elite,1.0,USA,NY,Rochester,no_influence,,,VikingAgePopulatedPlaces,Viking Age Populated Places,511,city_uri_type_http://dbpedia.org/class/yago/VikingAgePopulatedPlaces,,,https://en.wikipedia.org/wiki/Category:Viking_Age_populated_places
847814408,12/21/2015 08:25:16,False,1837533708,,12/21/2015 08:21:55,False,prodege,0.8333,CAN,AB,Calgary,high_weak_influence,"it suggests the city has an old history, which usually comes with rich culture",,VikingAgePopulatedPlaces,Viking Age Populated Places,511,city_uri_type_http://dbpedia.org/class/yago/VikingAgePopulatedPlaces,,,https://en.wikipedia.org/wiki/Category:Viking_Age_populated_places
847814408,12/21/2015 13:16:33,False,1837720626,,12/21/2015 13:13:31,False,elite,1.0,USA,NY,Rochester,no_influence,,,VikingAgePopulatedPlaces,Viking Age Populated Places,511,city_uri_type_http://dbpedia.org/class/yago/VikingAgePopulatedPlaces,,,https://en.wikipedia.org/wiki/Category:Viking_Age_populated_places
847814408,12/21/2015 14:10:35,False,1837737270,,12/21/2015 14:06:16,False,prodege,1.0,USA,TX,Houston,low_strong_influence,This was a time before modern medicine or communication technology.,,VikingAgePopulatedPlaces,Viking Age Populated Places,511,city_uri_type_http://dbpedia.org/class/yago/VikingAgePopulatedPlaces,,,https://en.wikipedia.org/wiki/Category:Viking_Age_populated_places
847814409,12/15/2015 10:36:46,False,1832661238,,12/15/2015 10:33:13,False,neodev,1.0,GBR,E6,Cirencester,no_influence,"Merely being part of a particular geographical region cannot denote a particular quality of living in a city. Being a developed city in a developed European country MIGHT suggest a decent quality of life, but it is all relative.",,GermanStateCapitals,German State Capitals,528,city_uri_type_http://dbpedia.org/class/yago/GermanStateCapitals,,,https://en.wikipedia.org/wiki/Category:German_state_capitals
847814409,12/15/2015 10:42:22,False,1832663720,,12/15/2015 10:39:57,False,elite,1.0,GBR,C8,Croydon,high_weak_influence,,,GermanStateCapitals,German State Capitals,528,city_uri_type_http://dbpedia.org/class/yago/GermanStateCapitals,,,https://en.wikipedia.org/wiki/Category:German_state_capitals
847814409,12/15/2015 13:03:06,False,1832724000,,12/15/2015 12:57:36,False,neodev,1.0,GBR,I3,Chatham,high_strong_influence,,,GermanStateCapitals,German State Capitals,528,city_uri_type_http://dbpedia.org/class/yago/GermanStateCapitals,,,https://en.wikipedia.org/wiki/Category:German_state_capitals
847814409,12/15/2015 16:31:50,False,1832854724,,12/15/2015 16:27:21,False,tremorgames,1.0,CAN,ON,Mississauga,high_weak_influence,Capital cities tend to be the most developed parts of the nation. Thus there is a higher quality of life.,,GermanStateCapitals,German State Capitals,528,city_uri_type_http://dbpedia.org/class/yago/GermanStateCapitals,,,https://en.wikipedia.org/wiki/Category:German_state_capitals
847814409,12/15/2015 17:51:51,False,1832970075,,12/15/2015 17:43:14,False,clixsense,1.0,USA,MA,Taunton,no_influence,"Capital cities are usually populous with more stores and activities.  This is a plus if one enjoys that type of life, but a minus if a person prefers a rural lifestyle.",,GermanStateCapitals,German State Capitals,528,city_uri_type_http://dbpedia.org/class/yago/GermanStateCapitals,,,https://en.wikipedia.org/wiki/Category:German_state_capitals
847814410,12/23/2015 05:09:26,False,1839060691,,12/23/2015 05:05:54,False,prodege,0.8333,USA,IL,Gillespie,high_weak_influence,"Australian cities are known to be nice, but there are sure to be rough parts of any city.",,AustralianCapitalCities,Australian Capital Cities,529,city_uri_type_http://dbpedia.org/class/yago/AustralianCapitalCities,,,https://en.wikipedia.org/wiki/Category:Australian_capital_cities
847814410,12/23/2015 20:50:50,False,1839698535,,12/23/2015 20:43:32,False,cotter,1.0,USA,WI,Madison,no_influence,Can't see how this could matter.,,AustralianCapitalCities,Australian Capital Cities,529,city_uri_type_http://dbpedia.org/class/yago/AustralianCapitalCities,,,https://en.wikipedia.org/wiki/Category:Australian_capital_cities
847814410,12/24/2015 13:48:21,False,1840745754,,12/24/2015 13:46:37,False,instagc,0.8333,USA,KY,Winchester,no_influence,has no bearing on quality of life,,AustralianCapitalCities,Australian Capital Cities,529,city_uri_type_http://dbpedia.org/class/yago/AustralianCapitalCities,,,https://en.wikipedia.org/wiki/Category:Australian_capital_cities
847814410,12/24/2015 15:41:59,False,1840787028,,12/24/2015 15:33:49,False,prodege,1.0,CAN,ON,Ottawa,high_strong_influence,"Again, I feel like in a capital city, you would be closer to amenities such as hospitals and shopping, which would increase your quality of life.",,AustralianCapitalCities,Australian Capital Cities,529,city_uri_type_http://dbpedia.org/class/yago/AustralianCapitalCities,,,https://en.wikipedia.org/wiki/Category:Australian_capital_cities
847814410,12/24/2015 23:45:40,False,1840934709,,12/24/2015 23:44:42,False,clixsense,1.0,GBR,I3,Rochester,high_strong_influence,,,AustralianCapitalCities,Australian Capital Cities,529,city_uri_type_http://dbpedia.org/class/yago/AustralianCapitalCities,,,https://en.wikipedia.org/wiki/Category:Australian_capital_cities
847814411,12/16/2015 07:36:19,False,1833580784,,12/16/2015 07:33:25,False,neodev,1.0,USA,MA,Boston,high_weak_influence,At least tigers are not as prevalent,,IndianCapitalCities,Indian Capital Cities,532,city_uri_type_http://dbpedia.org/class/yago/IndianCapitalCities,,,https://en.wikipedia.org/wiki/Category:Indian_capital_cities
847814411,12/16/2015 08:52:48,False,1833653080,,12/16/2015 08:51:44,False,clixsense,1.0,CAN,QC,Montréal,Low (weak influence),,,IndianCapitalCities,Indian Capital Cities,532,city_uri_type_http://dbpedia.org/class/yago/IndianCapitalCities,,,https://en.wikipedia.org/wiki/Category:Indian_capital_cities
847814411,12/16/2015 09:59:26,False,1833724185,,12/16/2015 09:54:37,False,neodev,0.8333,CAN,ON,Toronto,Low (weak influence),,,IndianCapitalCities,Indian Capital Cities,532,city_uri_type_http://dbpedia.org/class/yago/IndianCapitalCities,,,https://en.wikipedia.org/wiki/Category:Indian_capital_cities
847814411,12/17/2015 01:30:06,False,1834156744,,12/17/2015 01:22:42,False,neodev,1.0,GBR,H5,Long Whatton,Low (weak influence),"Indian cities are home to slums, which have a very low standard of living.",,IndianCapitalCities,Indian Capital Cities,532,city_uri_type_http://dbpedia.org/class/yago/IndianCapitalCities,,,https://en.wikipedia.org/wiki/Category:Indian_capital_cities
847814411,12/18/2015 08:35:51,False,1835581851,,12/18/2015 08:33:30,False,neodev,0.8333,CAN,ON,Sudbury,Low (weak influence),Not the best living conditions,,IndianCapitalCities,Indian Capital Cities,532,city_uri_type_http://dbpedia.org/class/yago/IndianCapitalCities,,,https://en.wikipedia.org/wiki/Category:Indian_capital_cities
847814412,12/21/2015 23:50:27,False,1838072602,,12/21/2015 23:49:01,False,neodev,0.8333,GBR,G5,Folkestone,no_influence,not sure,,PopulatedPlacesInGabon,Populated Places In Gabon,539,city_uri_type_http://dbpedia.org/class/yago/PopulatedPlacesInGabon,,,https://en.wikipedia.org/wiki/Category:Populated_places_in_Gabon
847814412,12/22/2015 06:21:40,False,1838348281,,12/22/2015 06:20:11,False,neodev,1.0,USA,AZ,Scottsdale,Low (weak influence),,,PopulatedPlacesInGabon,Populated Places In Gabon,539,city_uri_type_http://dbpedia.org/class/yago/PopulatedPlacesInGabon,,,https://en.wikipedia.org/wiki/Category:Populated_places_in_Gabon
847814412,12/22/2015 06:45:08,False,1838354477,,12/22/2015 06:40:34,False,prodege,1.0,USA,CA,Los Angeles,no_influence,it's not possible to tell the quality of living by the quantity of living,,PopulatedPlacesInGabon,Populated Places In Gabon,539,city_uri_type_http://dbpedia.org/class/yago/PopulatedPlacesInGabon,,,https://en.wikipedia.org/wiki/Category:Populated_places_in_Gabon
847814412,12/22/2015 21:50:30,False,1838824924,,12/22/2015 21:23:04,False,prodege,1.0,GBR,G5,Tunbridge Wells,no_influence,"The statement regarding population has no influence on the benefits or disadvantages or any city in Gabon, it provides no data that would enable you to assess the merits of living in a city in Gabon.",,PopulatedPlacesInGabon,Populated Places In Gabon,539,city_uri_type_http://dbpedia.org/class/yago/PopulatedPlacesInGabon,,,https://en.wikipedia.org/wiki/Category:Populated_places_in_Gabon
847814412,12/23/2015 17:51:58,False,1839445736,,12/23/2015 17:42:22,False,prodege,0.8333,GBR,,,high_strong_influence,A city in a populated place will have services and jobs.,,PopulatedPlacesInGabon,Populated Places In Gabon,539,city_uri_type_http://dbpedia.org/class/yago/PopulatedPlacesInGabon,,,https://en.wikipedia.org/wiki/Category:Populated_places_in_Gabon
847814413,12/21/2015 14:52:43,False,1837754258,,12/21/2015 14:34:09,False,elite,1.0,USA,NY,Rochester,no_influence,,,NUTS1StatisticalRegionsOfTheEuropeanUnion,NUTS1 Statistical Regions Of The European Union,571,city_uri_type_http://dbpedia.org/class/yago/NUTS1StatisticalRegionsOfTheEuropeanUnion,,,https://en.wikipedia.org/wiki/Category:NUTS_1_statistical_regions_of_the_European_Union
847814413,12/21/2015 14:56:36,False,1837756181,,12/21/2015 14:51:54,False,tremorgames,1.0,USA,NC,Burlington,no_influence,gg,,NUTS1StatisticalRegionsOfTheEuropeanUnion,NUTS1 Statistical Regions Of The European Union,571,city_uri_type_http://dbpedia.org/class/yago/NUTS1StatisticalRegionsOfTheEuropeanUnion,,,https://en.wikipedia.org/wiki/Category:NUTS_1_statistical_regions_of_the_European_Union
847814413,12/21/2015 20:27:48,False,1837985438,,12/21/2015 20:26:13,False,elite,1.0,USA,NY,Rochester,no_influence,,,NUTS1StatisticalRegionsOfTheEuropeanUnion,NUTS1 Statistical Regions Of The European Union,571,city_uri_type_http://dbpedia.org/class/yago/NUTS1StatisticalRegionsOfTheEuropeanUnion,,,https://en.wikipedia.org/wiki/Category:NUTS_1_statistical_regions_of_the_European_Union
847814413,12/21/2015 20:32:06,False,1837987361,,12/21/2015 20:08:39,False,prodege,1.0,GBR,,,no_influence,Irrelevant,,NUTS1StatisticalRegionsOfTheEuropeanUnion,NUTS1 Statistical Regions Of The European Union,571,city_uri_type_http://dbpedia.org/class/yago/NUTS1StatisticalRegionsOfTheEuropeanUnion,,,https://en.wikipedia.org/wiki/Category:NUTS_1_statistical_regions_of_the_European_Union
847814413,12/21/2015 22:16:38,False,1838033874,,12/21/2015 22:12:48,False,instagc,1.0,GBR,Q3,Wolverhampton,no_influence,"I don't know what this is, and I can't understand it, even with the link given, so I don't know how it would affect living quality",,NUTS1StatisticalRegionsOfTheEuropeanUnion,NUTS1 Statistical Regions Of The European Union,571,city_uri_type_http://dbpedia.org/class/yago/NUTS1StatisticalRegionsOfTheEuropeanUnion,,,https://en.wikipedia.org/wiki/Category:NUTS_1_statistical_regions_of_the_European_Union
847814414,12/21/2015 23:50:27,False,1838072598,,12/21/2015 23:49:01,False,neodev,0.8333,GBR,G5,Folkestone,no_influence,not sure,,RegionalCapitalsInGhana,Regional Capitals In Ghana,572,city_uri_type_http://dbpedia.org/class/yago/RegionalCapitalsInGhana,,,https://en.wikipedia.org/wiki/Category:Regional_capitals_in_Ghana
847814414,12/22/2015 06:21:40,False,1838348277,,12/22/2015 06:20:11,False,neodev,1.0,USA,AZ,Scottsdale,Low (weak influence),,,RegionalCapitalsInGhana,Regional Capitals In Ghana,572,city_uri_type_http://dbpedia.org/class/yago/RegionalCapitalsInGhana,,,https://en.wikipedia.org/wiki/Category:Regional_capitals_in_Ghana
847814414,12/22/2015 06:45:08,False,1838354484,,12/22/2015 06:40:34,False,prodege,1.0,USA,CA,Los Angeles,high_weak_influence,capital cities tend to be well kept and powerful people usually live there so there's money being put into the city's system,,RegionalCapitalsInGhana,Regional Capitals In Ghana,572,city_uri_type_http://dbpedia.org/class/yago/RegionalCapitalsInGhana,,,https://en.wikipedia.org/wiki/Category:Regional_capitals_in_Ghana
847814414,12/22/2015 21:50:30,False,1838824933,,12/22/2015 21:23:04,False,prodege,1.0,GBR,G5,Tunbridge Wells,no_influence,"Some of the cities in Ghana offer a good life style while others have less to offer due to financial constraints, so it is not possible to use this condition as a measure of the quality of living.",,RegionalCapitalsInGhana,Regional Capitals In Ghana,572,city_uri_type_http://dbpedia.org/class/yago/RegionalCapitalsInGhana,,,https://en.wikipedia.org/wiki/Category:Regional_capitals_in_Ghana
847814414,12/23/2015 17:51:58,False,1839445734,,12/23/2015 17:42:22,False,prodege,0.8333,GBR,,,high_weak_influence,"Being a regional capital will mean that there are jobs, and that there will be infrastructure and services that perhaps are more reliable than other places, which contribute to a better quality of life, but pollution and overcrowding may  also contribute to a lower quality of living.",,RegionalCapitalsInGhana,Regional Capitals In Ghana,572,city_uri_type_http://dbpedia.org/class/yago/RegionalCapitalsInGhana,,,https://en.wikipedia.org/wiki/Category:Regional_capitals_in_Ghana
847814415,12/15/2015 20:44:37,False,1833177356,,12/15/2015 20:43:48,False,neodev,1.0,CAN,BC,Vancouver,no_influence,hard to say again,,PortCitiesAndTownsOfTheBalticSea,Port Cities And  Towns Of The Baltic Sea,573,city_uri_type_http://dbpedia.org/class/yago/PortCitiesAndTownsOfTheBalticSea,,,https://en.wikipedia.org/wiki/Category:Port_cities_and_towns_of_the_Baltic_Sea
847814415,12/15/2015 23:36:43,False,1833327935,,12/15/2015 23:35:46,False,instagc,1.0,USA,WV,Martinsburg,high_weak_influence,"Ports mean commerce and jobs, wealth.",,PortCitiesAndTownsOfTheBalticSea,Port Cities And  Towns Of The Baltic Sea,573,city_uri_type_http://dbpedia.org/class/yago/PortCitiesAndTownsOfTheBalticSea,,,https://en.wikipedia.org/wiki/Category:Port_cities_and_towns_of_the_Baltic_Sea
847814415,12/16/2015 03:52:33,False,1833475619,,12/16/2015 03:50:34,False,bitcoinget,1.0,CAN,ON,Toronto,no_influence,No way to know,,PortCitiesAndTownsOfTheBalticSea,Port Cities And  Towns Of The Baltic Sea,573,city_uri_type_http://dbpedia.org/class/yago/PortCitiesAndTownsOfTheBalticSea,,,https://en.wikipedia.org/wiki/Category:Port_cities_and_towns_of_the_Baltic_Sea
847814415,12/16/2015 04:04:51,False,1833479732,,12/16/2015 03:33:35,False,clixsense,1.0,GBR,,,high_weak_influence,"Scandinavian countries have a high standard of living, the other countries of the Baltic less so, so I would think overall, a rating of high is appropriate, though only of a ""weak"" variety.",,PortCitiesAndTownsOfTheBalticSea,Port Cities And  Towns Of The Baltic Sea,573,city_uri_type_http://dbpedia.org/class/yago/PortCitiesAndTownsOfTheBalticSea,,,https://en.wikipedia.org/wiki/Category:Port_cities_and_towns_of_the_Baltic_Sea
847814415,12/16/2015 05:08:56,False,1833502302,,12/16/2015 05:04:13,False,prodege,1.0,CAN,AB,Edmonton,high_weak_influence,better area.,,PortCitiesAndTownsOfTheBalticSea,Port Cities And  Towns Of The Baltic Sea,573,city_uri_type_http://dbpedia.org/class/yago/PortCitiesAndTownsOfTheBalticSea,,,https://en.wikipedia.org/wiki/Category:Port_cities_and_towns_of_the_Baltic_Sea
847814416,12/21/2015 14:52:43,False,1837754256,,12/21/2015 14:34:09,False,elite,1.0,USA,NY,Rochester,no_influence,,,PopulatedCoastalPlacesInJapan,Populated Coastal Place sIn Japan,577,city_uri_type_http://dbpedia.org/class/yago/PopulatedCoastalPlacesInJapan,,,https://en.wikipedia.org/wiki/Category:Populated_coastal_places_in_Japan
847814416,12/21/2015 14:56:36,False,1837756182,,12/21/2015 14:51:54,False,tremorgames,1.0,USA,NC,Burlington,Low (weak influence),gg,,PopulatedCoastalPlacesInJapan,Populated Coastal Place sIn Japan,577,city_uri_type_http://dbpedia.org/class/yago/PopulatedCoastalPlacesInJapan,,,https://en.wikipedia.org/wiki/Category:Populated_coastal_places_in_Japan
847814416,12/21/2015 20:27:48,False,1837985435,,12/21/2015 20:26:13,False,elite,1.0,USA,NY,Rochester,no_influence,,,PopulatedCoastalPlacesInJapan,Populated Coastal Place sIn Japan,577,city_uri_type_http://dbpedia.org/class/yago/PopulatedCoastalPlacesInJapan,,,https://en.wikipedia.org/wiki/Category:Populated_coastal_places_in_Japan
847814416,12/21/2015 20:32:06,False,1837987354,,12/21/2015 20:08:39,False,prodege,1.0,GBR,,,high_weak_influence,Japan as developed country has good quality livong,,PopulatedCoastalPlacesInJapan,Populated Coastal Place sIn Japan,577,city_uri_type_http://dbpedia.org/class/yago/PopulatedCoastalPlacesInJapan,,,https://en.wikipedia.org/wiki/Category:Populated_coastal_places_in_Japan
847814416,12/21/2015 22:16:38,False,1838033878,,12/21/2015 22:12:48,False,instagc,1.0,GBR,Q3,Wolverhampton,high_weak_influence,"Coastal areas usually result in a higher quality of life due to happiness, ejoyment and also a higher number of jobs.",,PopulatedCoastalPlacesInJapan,Populated Coastal Place sIn Japan,577,city_uri_type_http://dbpedia.org/class/yago/PopulatedCoastalPlacesInJapan,,,https://en.wikipedia.org/wiki/Category:Populated_coastal_places_in_Japan
847814417,12/15/2015 20:44:37,False,1833177357,,12/15/2015 20:43:48,False,neodev,1.0,CAN,BC,Vancouver,no_influence,hard to say,,PortSettlementsInJapan,Port Settlements In Japan,660,city_uri_type_http://dbpedia.org/class/yago/PortSettlementsInJapan,,,https://en.wikipedia.org/wiki/Category:Port_settlements_in_Japan
847814417,12/15/2015 23:36:43,False,1833327939,,12/15/2015 23:35:46,False,instagc,1.0,USA,WV,Martinsburg,high_weak_influence,"Ports mean commerce and jobs, wealth.",,PortSettlementsInJapan,Port Settlements In Japan,660,city_uri_type_http://dbpedia.org/class/yago/PortSettlementsInJapan,,,https://en.wikipedia.org/wiki/Category:Port_settlements_in_Japan
847814417,12/16/2015 03:52:33,False,1833475620,,12/16/2015 03:50:34,False,bitcoinget,1.0,CAN,ON,Toronto,high_weak_influence,Japan generally has a high standard of living,,PortSettlementsInJapan,Port Settlements In Japan,660,city_uri_type_http://dbpedia.org/class/yago/PortSettlementsInJapan,,,https://en.wikipedia.org/wiki/Category:Port_settlements_in_Japan
847814417,12/16/2015 04:04:51,False,1833479733,,12/16/2015 03:33:35,False,clixsense,1.0,GBR,,,high_weak_influence,"Japan generally has a high standard of living, but I suspect ports away from the major cities less so. So high, but not so high as in the major cities.",,PortSettlementsInJapan,Port Settlements In Japan,660,city_uri_type_http://dbpedia.org/class/yago/PortSettlementsInJapan,,,https://en.wikipedia.org/wiki/Category:Port_settlements_in_Japan
847814417,12/16/2015 05:08:56,False,1833502296,,12/16/2015 05:04:13,False,prodege,1.0,CAN,AB,Edmonton,high_weak_influence,Japan.,,PortSettlementsInJapan,Port Settlements In Japan,660,city_uri_type_http://dbpedia.org/class/yago/PortSettlementsInJapan,,,https://en.wikipedia.org/wiki/Category:Port_settlements_in_Japan
